name,ok,level,score_final,score_base,score_booster,N,E,DEPTH,BR,JN,X_LINK,SUB,SUB_DEPTH_max,DEC,ELR,ETD,STY,has_cycle,PAR
data01,True,L1,18.69,18.69,0.0,13,1,1,0,0,1,3,1,0,1.0,1,0,False,0
data02,True,L1,17.82,17.82,0.0,7,2,2,0,0,1,2,1,0,1.0,1,0,False,0
data03,True,L4,34.37,28.37,6.0,10,10,9,1,1,0,3,1,0,0.2,1,0,True,1
data11,True,L5,92.26,80.26,12.0,66,67,15,8,12,61,15,4,7,0.14925373134328357,1,0,True,8
data12,True,L4,55.43,55.43,0.0,18,16,6,2,1,15,2,3,5,0.4375,1,3,False,1
data13,True,L5,93.27,81.27,12.0,44,50,14,9,8,39,12,8,7,0.4,1,0,True,8
data14,True,L5,84.41,78.41,6.0,57,61,16,6,10,58,12,6,10,0.3114754098360656,1,0,False,6
data15,True,L5,88.27,76.27,12.0,61,58,12,5,7,55,16,4,10,0.27586206896551724,1,0,True,5
