metric,value
success_rate,100.0
accuracy_nodes,92.55813953488372
accuracy_edges,91.16279069767442
accuracy_subgraphs,98.13953488372093
mae_nodes,0.14883720930232558
mae_edges,0.3395348837209302
mae_subgraphs,0.12558139534883722
rmse_nodes,0.6612180444645938
rmse_edges,1.815950004434222
rmse_subgraphs,0.9668938519456169
